{
	"model": {
		"name": "Model",
		"trans_w": {
			"origin": [
				0.00000000,
				0.00000000
			],
			"position": [
				0.00000000,
				0.00000000
			],
			"scale": [
				1.00000000,
				1.00000000
			],
			"rotation": 0.00000000,
			"pad": 0
		},
		"sprites": [
			{
				"name": "New Sprite(0)",
				"src": {
					"x": 232.02996826,
					"y": 198.53060913,
					"width": 425.70785522,
					"height": 461.49658203
				},
				"dst": {
					"x": 804.00000000,
					"y": 201.00000000,
					"width": 222.00000000,
					"height": 265.00000000
				},
				"origin": [
					0.00000000,
					0.00000000
				],
				"rotation": 0.00000000,
				"color": [
					0,
					0,
					0,
					0
				],
				"layer": 0
			},
			{
				"name": "New Sprite(1)",
				"src": {
					"x": 705.67791748,
					"y": 336.10882568,
					"width": 233.94757080,
					"height": 283.86395264
				},
				"dst": {
					"x": 965.00000000,
					"y": 153.00000000,
					"width": 122.00000000,
					"height": 163.00000000
				},
				"origin": [
					0.00000000,
					0.00000000
				],
				"rotation": 0.00000000,
				"color": [
					0,
					0,
					0,
					0
				],
				"layer": 0
			}
		]
	},
	"has_anim": false,
	"texture_path": "assets/animation-test.png"
}