{
	"name": {
		"data": [
			84,
			104,
			101,
			77,
			111,
			100,
			101,
			108,
			0,
			0,
			0,
			0,
			0,
			0,
			0
		],
		"len": 9
	},
	"sprites": [
		{
			"name": {
				"data": [
					72,
					101,
					97,
					100,
					0,
					0,
					0,
					0,
					0,
					0,
					0,
					0,
					0,
					0,
					0
				],
				"len": 9
			},
			"src": {
				"x": 49.85767746,
				"y": 45.71428680,
				"width": 155.32585144,
				"height": 192.00000000
			},
			"local": {
								"rect": {
					"x": 169.00000000,
					"y": 144.00000000,
					"width": 81.00000000,
					"height": 105.00000000
				},
								"position": [
					169.00000000,
					144.00000000
				],
				"scale": [
					81.00000000,
					105.00000000
				],
				"origin": [
					0.00000000,
					0.00000000
				],
				"rotation": 0.00000000
			},
			"color": [
				0,
				0,
				0,
				0
			],
			"layer": 0
		},
		{
			"name": {
				"data": [
					72,
					97,
					116,
					0,
					0,
					0,
					0,
					0,
					0,
					0,
					0,
					0,
					0,
					0,
					0
				],
				"len": 9
			},
			"src": {
				"x": 799.64044189,
				"y": 117.02857208,
				"width": 216.68914795,
				"height": 133.48571777
			},
			"local": {
								"rect": {
					"x": 157.00000000,
					"y": 97.00000000,
					"width": 113.00000000,
					"height": 73.00000000
				},
								"position": [
					157.00000000,
					97.00000000
				],
				"scale": [
					113.00000000,
					73.00000000
				],
				"origin": [
					0.00000000,
					0.00000000
				],
				"rotation": 0.00000000
			},
			"color": [
				0,
				0,
				0,
				0
			],
			"layer": 0
		},
		{
			"name": {
				"data": [
					65,
					114,
					109,
					0,
					0,
					0,
					0,
					0,
					0,
					0,
					0,
					0,
					0,
					0,
					0
				],
				"len": 9
			},
			"src": {
				"x": 498.57678223,
				"y": 330.97143555,
				"width": 295.31085205,
				"height": 149.94285583
			},
			"local": {
								"rect": {
					"x": 234.00000000,
					"y": 242.00000000,
					"width": 154.00000000,
					"height": 82.00000000
				},
								"position": [
					234.00000000,
					242.00000000
				],
				"scale": [
					154.00000000,
					82.00000000
				],
				"origin": [
					0.00000000,
					0.00000000
				],
				"rotation": 0.00000000
			},
			"color": [
				0,
				0,
				0,
				0
			],
			"layer": 0
		},
		{
			"name": {
				"data": [
					84,
					111,
					114,
					115,
					111,
					0,
					0,
					0,
					0,
					0,
					0,
					0,
					0,
					0,
					0
				],
				"len": 9
			},
			"src": {
				"x": 191.76029968,
				"y": 279.77142334,
				"width": 216.68914795,
				"height": 213.94285583
			},
			"local": {
								"rect": {
					"x": 156.00000000,
					"y": 239.00000000,
					"width": 113.00000000,
					"height": 117.00000000
				},
								"position": [
					156.00000000,
					239.00000000
				],
				"scale": [
					113.00000000,
					117.00000000
				],
				"origin": [
					0.00000000,
					0.00000000
				],
				"rotation": 0.00000000
			},
			"color": [
				0,
				0,
				0,
				0
			],
			"layer": 0
		}
	],
	"poses": [

	],
	"has_anim": false,
	"texture_path": "assets/animation-test.png",
	"trans_w": {
				"rect": {
			"x": 0.00000000,
			"y": 0.00000000,
			"width": 0.00000000,
			"height": 0.00000000
		},
				"position": [
			0.00000000,
			0.00000000
		],
		"scale": [
			0.00000000,
			0.00000000
		],
		"origin": [
			0.00000000,
			0.00000000
		],
		"rotation": 0.00000000
	}
}