{
	"name": {
		"data": [
			78,
			101,
			119,
			32,
			77,
			111,
			100,
			101,
			108,
			0,
			0,
			0,
			0,
			0,
			0
		],
		"len": 9
	},
	"sprites": [
		{
			"name": {
				"data": [
					78,
					101,
					119,
					32,
					83,
					112,
					114,
					105,
					116,
					101,
					40,
					48,
					41,
					0,
					0
				],
				"len": 13
			},
			"src": {
				"x": 182.17228699,
				"y": 184.68571472,
				"width": 302.98126221,
				"height": 320.00000000
			},
			"local": {
								"rect": {
					"x": 118.00000000,
					"y": 361.00000000,
					"width": 158.00000000,
					"height": 175.00000000
				},
								"position": [
					118.00000000,
					361.00000000
				],
				"scale": [
					158.00000000,
					175.00000000
				],
				"origin": [
					0.00000000,
					0.00000000
				],
				"rotation": 0.00000000
			},
			"color": [
				0,
				0,
				0,
				0
			],
			"layer": 0
		},
		{
			"name": {
				"data": [
					78,
					101,
					119,
					32,
					83,
					112,
					114,
					105,
					116,
					101,
					40,
					49,
					41,
					0,
					0
				],
				"len": 13
			},
			"src": {
				"x": 162.99626160,
				"y": 266.97143555,
				"width": 452.55432129,
				"height": 466.28570557
			},
			"local": {
								"rect": {
					"x": 82.00000000,
					"y": 158.00000000,
					"width": 236.00000000,
					"height": 255.00000000
				},
								"position": [
					82.00000000,
					158.00000000
				],
				"scale": [
					236.00000000,
					255.00000000
				],
				"origin": [
					0.00000000,
					0.00000000
				],
				"rotation": 0.00000000
			},
			"color": [
				0,
				0,
				0,
				0
			],
			"layer": 0
		}
	],
	"poses": [

	],
	"has_anim": false,
	"texture_path": "assets/animation-test.png",
	"trans_w": {
				"rect": {
			"x": 0.00000000,
			"y": 0.00000000,
			"width": 0.00000000,
			"height": 0.00000000
		},
				"position": [
			0.00000000,
			0.00000000
		],
		"scale": [
			0.00000000,
			0.00000000
		],
		"origin": [
			0.00000000,
			0.00000000
		],
		"rotation": 0.00000000
	}
}