{
	"name": {
		"data": [
			49,
			77,
			111,
			100,
			101,
			108,
			0,
			0,
			0,
			0,
			0,
			0,
			0,
			0,
			0
		],
		"len": 9
	},
	"sprites": [
		{
			"name": {
				"data": [
					115,
					112,
					114,
					105,
					116,
					101,
					48,
					0,
					0,
					0,
					0,
					0,
					0,
					0,
					0
				],
				"len": 9
			},
			"src": {
				"x": 299.14605713,
				"y": 256.00000000,
				"width": 496.65917969,
				"height": 448.00000000
			},
			"local": {
								"rect": {
					"x": 129.00000000,
					"y": 158.00000000,
					"width": 259.00000000,
					"height": 245.00000000
				},
								"position": [
					129.00000000,
					158.00000000
				],
				"scale": [
					259.00000000,
					245.00000000
				],
				"origin": [
					0.00000000,
					0.00000000
				],
				"rotation": 0.00000000
			},
			"color": [
				0,
				0,
				0,
				0
			],
			"layer": 0
		}
	],
	"poses": [

	],
	"has_anim": false,
	"texture_path": "assets/animation-test.png",
	"trans_w": {
				"rect": {
			"x": 0.00000000,
			"y": 0.00000000,
			"width": 0.00000000,
			"height": 0.00000000
		},
				"position": [
			0.00000000,
			0.00000000
		],
		"scale": [
			0.00000000,
			0.00000000
		],
		"origin": [
			0.00000000,
			0.00000000
		],
		"rotation": 0.00000000
	}
}