{
	"name": "nrty",
	"sprites": [
		{
			"name": "New Sprite(0)",
			"src": {
				"x": 151.49063110,
				"y": 217.60000610,
				"width": 291.47564697,
				"height": 254.17143250
			},
			"local": {
								"rect": {
					"x": 214.00000000,
					"y": 171.00000000,
					"width": 152.00000000,
					"height": 139.00000000
				},
								"position": [
					214.00000000,
					171.00000000
				],
				"scale": [
					152.00000000,
					139.00000000
				],
				"origin": [
					0.00000000,
					0.00000000
				],
				"rotation": 0.00000000
			},
			"color": [
				0,
				0,
				0,
				0
			],
			"layer": 0
		}
	],
	"poses": [

	],
	"has_anim": false,
	"texture_path": "assets/animation-test.png",
	"trans_w": {
				"rect": {
			"x": 0.00000000,
			"y": 0.00000000,
			"width": 0.00000000,
			"height": 0.00000000
		},
				"position": [
			0.00000000,
			0.00000000
		],
		"scale": [
			0.00000000,
			0.00000000
		],
		"origin": [
			0.00000000,
			0.00000000
		],
		"rotation": 0.00000000
	}
}