{
	"model": {
		"name": "model",
		"trans_w": {
			"origin": [
				0.00000000,
				0.00000000
			],
			"position": [
				0.00000000,
				0.00000000
			],
			"scale": [
				1.00000000,
				1.00000000
			],
			"rotation": 0.00000000,
			"pad": 0
		},
		"sprites": [
			{
				"name": "awdaNew Sprite(0)",
				"src": {
					"x": 170.66667175,
					"y": 242.06802368,
					"width": 404.61422729,
					"height": 224.65306091
				},
				"dst": {
					"x": 758.00000000,
					"y": 235.00000000,
					"width": 211.00000000,
					"height": 129.00000000
				},
				"origin": [
					0.00000000,
					0.00000000
				],
				"rotation": 0.00000000,
				"color": [
					0,
					0,
					0,
					0
				],
				"layer": 0
			},
			{
				"name": "New Sprite(1)",
				"src": {
					"x": 834.15728760,
					"y": 459.75509644,
					"width": 90.12734222,
					"height": 154.99319458
				},
				"dst": {
					"x": 836.00000000,
					"y": 395.00000000,
					"width": 47.00000000,
					"height": 89.00000000
				},
				"origin": [
					0.00000000,
					0.00000000
				],
				"rotation": 0.00000000,
				"color": [
					0,
					0,
					0,
					0
				],
				"layer": 0
			},
			{
				"name": "New Sprite(2)",
				"src": {
					"x": 437.21350098,
					"y": 747.10205078,
					"width": 350.92135620,
					"height": 97.52380371
				},
				"dst": {
					"x": 913.00000000,
					"y": 478.00000000,
					"width": 183.00000000,
					"height": 56.00000000
				},
				"origin": [
					0.00000000,
					0.00000000
				],
				"rotation": 0.00000000,
				"color": [
					0,
					0,
					0,
					0
				],
				"layer": 0
			}
		]
	},
	"has_anim": false,
	"texture_path": "assets/animation-test.png"
}