{
	"name": {
		"data": [
			78,
			101,
			119,
			32,
			77,
			111,
			100,
			101,
			108,
			0,
			0,
			0,
			0,
			0,
			0
		],
		"len": 9
	},
	"sprites": [
		{
			"name": {
				"data": [
					78,
					101,
					119,
					32,
					83,
					112,
					114,
					105,
					116,
					101,
					40,
					48,
					41,
					0,
					0
				],
				"len": 13
			},
			"src": {
				"x": 301.06365967,
				"y": 228.57142639,
				"width": 396.94381714,
				"height": 309.02856445
			},
			"local": {
								"rect": {
					"x": 86.00000000,
					"y": 115.00000000,
					"width": 207.00000000,
					"height": 169.00000000
				},
								"position": [
					86.00000000,
					115.00000000
				],
				"scale": [
					207.00000000,
					169.00000000
				],
				"origin": [
					0.00000000,
					0.00000000
				],
				"rotation": 0.00000000
			},
			"color": [
				0,
				0,
				0,
				0
			],
			"layer": 0
		}
	],
	"poses": [

	],
	"has_anim": false,
	"texture_path": "assets/animation-test.png",
	"trans_w": {
				"rect": {
			"x": 0.00000000,
			"y": 0.00000000,
			"width": 0.00000000,
			"height": 0.00000000
		},
				"position": [
			0.00000000,
			0.00000000
		],
		"scale": [
			0.00000000,
			0.00000000
		],
		"origin": [
			0.00000000,
			0.00000000
		],
		"rotation": 0.00000000
	}
}