{
	"model": {
		"name": "New Model",
		"trans_w": {
			"origin": [
				0.00000000,
				0.00000000
			],
			"position": [
				0.00000000,
				0.00000000
			],
			"scale": [
				1.00000000,
				1.00000000
			],
			"rotation": 0.00000000,
			"pad": 0
		},
		"sprites": [

		]
	},
	"poses": [

	],
	"has_anim": false,
	"texture_path": "assets/animation-test.png"
}